[{"model": "sessions.session", "pk": "9vwsxraf8xa08xzob9oisb1tv2xxrfx9", "fields": {"session_data": ".eJxVjMsOwiAQAP-FsyG8yrYevfsNZFkWqRqalPZk_Hcl6UGvM5N5iYD7VsLeeA1zEmehxemXRaQH1y7SHettkbTUbZ2j7Ik8bJPXJfHzcrR_g4Kt9C0YQ55pVFlPPFgXHSTlR2-I4gBu8hnAEmiy8YvQeWusZ6OROIHK4v0BzMk3ng:1lM8yW:aoOIsJxCEkFnTMWv5_748JuTrpJe_8CMaZ-3eq_ZhCY", "expire_date": "2021-03-30T12:39:04.330Z"}}, {"model": "sessions.session", "pk": "ksyinyxoq4bwud4yct55ph33ls1tluwo", "fields": {"session_data": ".eJxVjMsOwiAQAP-FsyG8yrYevfsNZFkWqRqalPZk_Hcl6UGvM5N5iYD7VsLeeA1zEmehxemXRaQH1y7SHettkbTUbZ2j7Ik8bJPXJfHzcrR_g4Kt9C0YQ55pVFlPPFgXHSTlR2-I4gBu8hnAEmiy8YvQeWusZ6OROIHK4v0BzMk3ng:1lLnFR:Ku7em4GJE7cdxXLBoPFgehVf9AEDZKeSOzXGkVb_Vr0", "expire_date": "2021-03-29T13:27:05.688Z"}}, {"model": "sessions.session", "pk": "rjoehlbo1pbywla42xq221i54kgme1qe", "fields": {"session_data": ".eJxVjMsOwiAQAP-FsyG8yrYevfsNZFkWqRqalPZk_Hcl6UGvM5N5iYD7VsLeeA1zEmehxemXRaQH1y7SHettkbTUbZ2j7Ik8bJPXJfHzcrR_g4Kt9C0YQ55pVFlPPFgXHSTlR2-I4gBu8hnAEmiy8YvQeWusZ6OROIHK4v0BzMk3ng:1lMrXZ:BJqMBkQsVV76fEkFx80pmL1rQgy3-0enqBSelXPQTPk", "expire_date": "2021-04-01T12:14:13.628Z"}}, {"model": "sessions.session", "pk": "wxmxyr0phfxp03zcj4fbxe0lg9khl2r3", "fields": {"session_data": ".eJxVjMsOwiAQAP-FsyG8yrYevfsNZFkWqRqalPZk_Hcl6UGvM5N5iYD7VsLeeA1zEmehxemXRaQH1y7SHettkbTUbZ2j7Ik8bJPXJfHzcrR_g4Kt9C0YQ55pVFlPPFgXHSTlR2-I4gBu8hnAEmiy8YvQeWusZ6OROIHK4v0BzMk3ng:1lQsh1:Cy-BLdXqdgGGpRTIBmqjTY3ikE2db_43irmbKbWk0fI", "expire_date": "2021-04-12T14:16:35.147Z"}}, {"model": "checkout.payment", "pk": 1, "fields": {"payment": "Cash on delivery", "created_at": "2021-03-15T13:36:07.847Z", "updated_at": "2021-03-15T13:36:07.847Z"}}, {"model": "checkout.payment", "pk": 2, "fields": {"payment": "Credit Card", "created_at": "2021-03-15T13:36:09.674Z", "updated_at": "2021-03-15T13:36:09.674Z"}}, {"model": "checkout.payment", "pk": 3, "fields": {"payment": "Paypall", "created_at": "2021-03-15T13:36:11.620Z", "updated_at": "2021-03-15T13:36:11.620Z"}}, {"model": "checkout.payment", "pk": 5, "fields": {"payment": "Paypall", "created_at": "2021-03-27T10:01:21.339Z", "updated_at": "2021-03-27T10:01:21.339Z"}}, {"model": "checkout.payment", "pk": 6, "fields": {"payment": "Nagd", "created_at": "2021-03-28T08:51:25.311Z", "updated_at": "2021-03-28T08:51:25.311Z"}}, {"model": "common.tag", "pk": 1, "fields": {"title": "Newest", "created_at": "2021-03-15T13:37:36.264Z", "updated_at": "2021-03-15T13:37:36.264Z"}}, {"model": "common.tag", "pk": 2, "fields": {"title": "Popular", "created_at": "2021-03-15T13:37:40.719Z", "updated_at": "2021-03-15T13:37:40.719Z"}}, {"model": "common.tag", "pk": 3, "fields": {"title": "News", "created_at": "2021-03-15T13:37:43.089Z", "updated_at": "2021-03-15T13:37:43.089Z"}}, {"model": "common.tag", "pk": 4, "fields": {"title": "Articles", "created_at": "2021-03-15T13:37:52.331Z", "updated_at": "2021-03-15T13:37:52.331Z"}}, {"model": "common.tag", "pk": 5, "fields": {"title": "Reviews", "created_at": "2021-03-15T13:37:57.928Z", "updated_at": "2021-03-15T13:37:57.928Z"}}, {"model": "common.subscriber", "pk": 1, "fields": {"email": "bagirovemrah97@gmail.com", "created_at": "2021-03-16T12:41:10.236Z", "updated_at": "2021-03-16T12:41:10.236Z"}}, {"model": "common.subscriber", "pk": 2, "fields": {"email": "bagirovemrah97@gmail.com", "created_at": "2021-03-16T12:43:24.503Z", "updated_at": "2021-03-16T12:43:24.503Z"}}, {"model": "common.subscriber", "pk": 3, "fields": {"email": "bagirovemrah97@gmail.com", "created_at": "2021-03-16T12:44:48.277Z", "updated_at": "2021-03-16T12:44:48.277Z"}}, {"model": "common.subscriber", "pk": 4, "fields": {"email": "bagirovemrah97@gmail.com", "created_at": "2021-03-16T12:51:35.785Z", "updated_at": "2021-03-16T12:51:35.785Z"}}, {"model": "common.subscriber", "pk": 5, "fields": {"email": "bagirovemrah97@gmail.com", "created_at": "2021-03-18T08:06:22.197Z", "updated_at": "2021-03-18T08:06:22.197Z"}}, {"model": "common.subscriber", "pk": 6, "fields": {"email": "bagirovemrah97@gmail.com", "created_at": "2021-03-18T08:06:36.642Z", "updated_at": "2021-03-18T08:06:36.642Z"}}, {"model": "common.subscriber", "pk": 7, "fields": {"email": "bagirovemrah97@gmail.com", "created_at": "2021-03-18T08:06:47.483Z", "updated_at": "2021-03-18T08:06:47.483Z"}}, {"model": "common.subscriber", "pk": 8, "fields": {"email": "yusifhuseynli1105@gmail.com", "created_at": "2021-03-28T12:28:31.454Z", "updated_at": "2021-03-28T12:28:31.454Z"}}, {"model": "product.tag", "pk": 1, "fields": {"tags": "Newest", "created_at": "2021-03-15T13:28:52.072Z", "updated_at": "2021-03-15T13:28:52.072Z"}}, {"model": "product.tag", "pk": 2, "fields": {"tags": "Best Seller", "created_at": "2021-03-15T13:28:56.373Z", "updated_at": "2021-03-15T13:28:56.373Z"}}, {"model": "product.tag", "pk": 3, "fields": {"tags": "Related", "created_at": "2021-03-15T13:28:59.715Z", "updated_at": "2021-03-15T13:28:59.715Z"}}, {"model": "product.category", "pk": 1, "fields": {"types": "", "types_en": null, "types_az": null, "created_at": "2021-03-15T13:29:42.523Z", "updated_at": "2021-03-15T13:29:42.523Z"}}, {"model": "product.category", "pk": 2, "fields": {"types": "", "types_en": null, "types_az": null, "created_at": "2021-03-15T13:29:44.436Z", "updated_at": "2021-03-15T13:29:44.436Z"}}, {"model": "product.category", "pk": 3, "fields": {"types": "", "types_en": null, "types_az": null, "created_at": "2021-03-15T13:29:46.723Z", "updated_at": "2021-03-15T13:29:46.723Z"}}, {"model": "product.category", "pk": 4, "fields": {"types": "", "types_en": null, "types_az": null, "created_at": "2021-03-15T13:29:48.424Z", "updated_at": "2021-03-15T13:29:48.424Z"}}, {"model": "product.brands", "pk": 1, "fields": {"brand": "HP", "created_at": "2021-03-15T13:28:22.295Z", "updated_at": "2021-03-15T13:28:22.295Z"}}, {"model": "product.brands", "pk": 2, "fields": {"brand": "Lenovo", "created_at": "2021-03-15T13:28:25.014Z", "updated_at": "2021-03-15T13:28:25.014Z"}}, {"model": "product.brands", "pk": 3, "fields": {"brand": "Apple", "created_at": "2021-03-15T13:28:28.410Z", "updated_at": "2021-03-15T13:28:28.410Z"}}, {"model": "product.brands", "pk": 4, "fields": {"brand": "Dell", "created_at": "2021-03-15T13:28:32.394Z", "updated_at": "2021-03-15T13:28:32.394Z"}}, {"model": "product.brands", "pk": 5, "fields": {"brand": "Microsoft", "created_at": "2021-03-15T13:28:36.322Z", "updated_at": "2021-03-15T13:28:36.322Z"}}, {"model": "product.brands", "pk": 6, "fields": {"brand": "Sony", "created_at": "2021-03-15T13:28:42.193Z", "updated_at": "2021-03-15T13:28:42.193Z"}}, {"model": "product.screensize", "pk": 1, "fields": {"size": "7 in", "created_at": "2021-03-15T13:29:07.776Z", "updated_at": "2021-03-15T13:29:07.776Z"}}, {"model": "product.screensize", "pk": 2, "fields": {"size": "10 in", "created_at": "2021-03-15T13:29:11.557Z", "updated_at": "2021-03-15T13:29:11.557Z"}}, {"model": "product.screensize", "pk": 3, "fields": {"size": "11 in", "created_at": "2021-03-15T13:29:13.733Z", "updated_at": "2021-03-15T13:29:13.733Z"}}, {"model": "product.screensize", "pk": 4, "fields": {"size": "14 in", "created_at": "2021-03-15T13:29:15.860Z", "updated_at": "2021-03-15T13:29:15.860Z"}}, {"model": "product.screensize", "pk": 5, "fields": {"size": "15 inch", "created_at": "2021-03-15T13:29:17.756Z", "updated_at": "2021-03-15T13:29:17.756Z"}}, {"model": "product.screensize", "pk": 6, "fields": {"size": "17 in", "created_at": "2021-03-15T13:29:23.514Z", "updated_at": "2021-03-15T13:29:23.514Z"}}, {"model": "product.product", "pk": 1, "fields": {"category": 2, "brand": 5, "short_title": "Surface Studio", "price": "3449.99", "faiz": 15, "full_title": "Microsoft Surface Studio", "description": "sfnsfjksndfjkfhjsfw fskjfs hfkjf shfsdk fhsdk fsjfhs fskf sfs ffsfsdfsfsfjhsfhjksfhjsdfhjksfhjksd fkjhsfhk jsfhjsf kjsf hkjsfhk jsfhkjssfnsfjksndfjkfhjsfw fskjfs hfkjf shfsdk fhsdk fsjfhs fskf sfs ffsfsdfsfsfjhsfhjksfhjsdfhjksfhjksd fkjhsfhk jsfhjsf kjsf hkjsfhk jsfhkjssfnsfjksndfjkfhjsfw fskjfs hfkjf shfsdk fhsdk fsjfhs fskf sfs ffsfsdfsfsfjhsfhjksfhjsdfhjksfhjksd fkjhsfhk jsfhjsf kjsf hkjsfhk jsfhkjssfnsfjksndfjkfhjsfw fskjfs hfkjf shfsdk fhsdk fsjfhs fskf sfs ffsfsdfsfsfjhsfhjksfhjsdfhjksfhjksd fkjhsfhk jsfhjsf kjsf hkjsfhk jsfhkjssfnsfjksndfjkfhjsfw fskjfs hfkjf shfsdk fhsdk fsjfhs fskf sfs ffsfsdfsfsfjhsfhjksfhjsdfhjksfhjksd fkjhsfhk jsfhjsf kjsf hkjsfhk jsfhkjssfnsfjksndfjkfhjsfw fskjfs hfkjf shfsdk fhsdk fsjfhs fskf sfs ffsfsdfsfsfjhsfhjksfhjsdfhjksfhjksd fkjhsfhk jsfhjsf kjsf hkjsfhk jsfhkjssfnsfjksndfjkfhjsfw fskjfs hfkjf shfsdk fhsdk fsjfhs fskf sfs ffsfsdfsfsfjhsfhjksfhjsdfhjksfhjksd fkjhsfhk jsfhjsf kjsf hkjsfhk jsfhkjssfnsfjksndfjkfhjsfw fskjfs hfkjf shfsdk fhsdk fsjfhs fskf sfs ffsfsdfsfsfjhsfhjksfhjsdfhjksfhjksd fkjhsfhk jsfhjsf kjsf hkjsfhk jsfhkjs", "main_image": "products_main_images/microsoft-surface-studio_3Lcv1KT.jpg", "created_at": "2021-03-15T13:30:50.983Z", "updated_at": "2021-03-15T13:30:50.983Z", "screensize": [6], "taglar": [1]}}, {"model": "product.shortspec", "pk": 1, "fields": {"short_specs": "OS Windows™ 10", "created_at": "2021-03-15T13:31:03.168Z", "updated_at": "2021-03-15T13:31:03.168Z", "product": [1]}}, {"model": "product.shortspec", "pk": 2, "fields": {"short_specs": "28 Inch PixelSense™ Display", "created_at": "2021-03-15T13:31:06.445Z", "updated_at": "2021-03-15T13:31:06.445Z", "product": []}}, {"model": "product.shortspec", "pk": 3, "fields": {"short_specs": "Windows10", "created_at": "2021-03-15T13:31:09.283Z", "updated_at": "2021-03-15T13:31:09.283Z", "product": []}}, {"model": "product.image", "pk": 1, "fields": {"product": 1, "image": "product_images/3.jpg", "created_at": "2021-03-15T13:30:50.992Z", "updated_at": "2021-03-15T13:30:50.992Z"}}, {"model": "product.image", "pk": 2, "fields": {"product": 1, "image": "product_images/2.jpg", "created_at": "2021-03-15T13:30:50.994Z", "updated_at": "2021-03-15T13:30:50.994Z"}}, {"model": "product.image", "pk": 3, "fields": {"product": 1, "image": "product_images/1_j1Ej496.jpg", "created_at": "2021-03-15T13:30:50.995Z", "updated_at": "2021-03-15T13:30:50.995Z"}}, {"model": "product.productspecname", "pk": 1, "fields": {"title": "Operating system", "created_at": "2021-03-15T13:31:25.003Z", "updated_at": "2021-03-15T13:31:25.003Z", "category": [2]}}, {"model": "product.productspecname", "pk": 2, "fields": {"title": "Display", "created_at": "2021-03-15T13:31:31.820Z", "updated_at": "2021-03-15T13:31:31.820Z", "category": [2]}}, {"model": "product.productspecname", "pk": 3, "fields": {"title": "Processor", "created_at": "2021-03-15T13:31:39.791Z", "updated_at": "2021-03-15T13:31:39.791Z", "category": [2]}}, {"model": "product.productspecname", "pk": 4, "fields": {"title": "Processor technology", "created_at": "2021-03-15T13:31:43.895Z", "updated_at": "2021-03-15T13:31:43.895Z", "category": [2]}}, {"model": "product.productspecname", "pk": 5, "fields": {"title": "Graphics", "created_at": "2021-03-15T13:31:51.899Z", "updated_at": "2021-03-15T13:31:51.899Z", "category": [2]}}, {"model": "product.productspecname", "pk": 6, "fields": {"title": "Memory", "created_at": "2021-03-15T13:31:59.022Z", "updated_at": "2021-03-15T13:31:59.022Z", "category": [2]}}, {"model": "product.productspecname", "pk": 7, "fields": {"title": "Hard drive", "created_at": "2021-03-15T13:32:02.208Z", "updated_at": "2021-03-15T13:32:29.017Z", "category": [2]}}, {"model": "product.productspecname", "pk": 8, "fields": {"title": "Wireless", "created_at": "2021-03-15T13:32:04.770Z", "updated_at": "2021-03-15T13:32:25.631Z", "category": [2]}}, {"model": "product.productspecname", "pk": 9, "fields": {"title": "Power supply", "created_at": "2021-03-15T13:32:12.219Z", "updated_at": "2021-03-15T13:32:22.968Z", "category": [2]}}, {"model": "product.productspecname", "pk": 10, "fields": {"title": "Battery", "created_at": "2021-03-15T13:32:15.780Z", "updated_at": "2021-03-15T13:32:15.780Z", "category": [2]}}, {"model": "product.productspecdesc", "pk": 1, "fields": {"product": 1, "prod_spec_name": 1, "desc": "Windows 10™", "created_at": "2021-03-15T13:32:46.574Z", "updated_at": "2021-03-15T13:32:46.574Z"}}, {"model": "product.productspecdesc", "pk": 2, "fields": {"product": 1, "prod_spec_name": 2, "desc": "Screen: 28\" PixelSense Display\r\nResolution: 4500 x 3000 (192 DPI)\r\nColor settings: sRGB, DCI-P3, and Vivid color profiles, individually color calibrated\r\nTouch: 10-point multi-touch", "created_at": "2021-03-15T13:32:56.494Z", "updated_at": "2021-03-15T13:32:56.494Z"}}, {"model": "product.productspecdesc", "pk": 3, "fields": {"product": 1, "prod_spec_name": 3, "desc": "Quad-core 6th Gen Intel Core i5 or i7", "created_at": "2021-03-15T13:33:04.122Z", "updated_at": "2021-03-15T13:33:04.122Z"}}, {"model": "product.productspecdesc", "pk": 4, "fields": {"product": 1, "prod_spec_name": 4, "desc": "Intel Turbo Boost Technology", "created_at": "2021-03-15T13:33:12.157Z", "updated_at": "2021-03-15T13:33:12.157Z"}}, {"model": "product.productspecdesc", "pk": 5, "fields": {"product": 1, "prod_spec_name": 5, "desc": "NVIDIA GeForce GTX 965M 2GB GPU GDDR5 memory or NVIDIA GeForce GTX 980M 4GB GPU GDDR5 memory", "created_at": "2021-03-15T13:33:21.841Z", "updated_at": "2021-03-15T13:33:21.841Z"}}, {"model": "product.productspecdesc", "pk": 6, "fields": {"product": 1, "prod_spec_name": 6, "desc": "8GB, 16GB, or 32GB RAM", "created_at": "2021-03-15T13:33:30.860Z", "updated_at": "2021-03-15T13:33:30.860Z"}}, {"model": "product.productspecdesc", "pk": 7, "fields": {"product": 1, "prod_spec_name": 7, "desc": "Rapid hybrid drive options: 64GB SSD with 1TB HDD, 128GB SSD with 1TB HDD, 128GB SSD with 2TB HDD", "created_at": "2021-03-15T13:33:54.300Z", "updated_at": "2021-03-15T13:33:54.300Z"}}, {"model": "product.productspecdesc", "pk": 8, "fields": {"product": 1, "prod_spec_name": 8, "desc": "Wi-Fi: 802.11ac Wi-Fi wireless networking, IEEE 802.11 a/b/g/n compatible\r\nBluetooth: Bluetooth 4.0 wireless technology\r\nXbox Wireless built-in", "created_at": "2021-03-15T13:34:10.870Z", "updated_at": "2021-03-15T13:34:10.870Z"}}, {"model": "product.productspecdesc", "pk": 9, "fields": {"product": 1, "prod_spec_name": 9, "desc": "45 W AC power adapter", "created_at": "2021-03-15T13:34:24.160Z", "updated_at": "2021-03-15T13:34:24.160Z"}}, {"model": "product.productspecdesc", "pk": 10, "fields": {"product": 1, "prod_spec_name": 10, "desc": "3-cell, 36 Wh Li-ion", "created_at": "2021-03-15T13:34:34.417Z", "updated_at": "2021-03-15T13:34:34.417Z"}}, {"model": "account.user", "pk": 1, "fields": {"password": "pbkdf2_sha256$216000$RKDswDWjNm12$nV5xwBlUHAwwIeBGUtf/l4IEZnStCr6fR0G+um+axQc=", "last_login": "2021-03-31T12:45:15.999Z", "is_superuser": true, "username": "Yusif", "first_name": "Yusif", "last_name": "", "is_staff": true, "is_active": true, "date_joined": "2021-03-15T13:26:43Z", "email": "yusifhuseynli1105@gmail.com", "image": "", "bio": "", "gender": false, "groups": [], "user_permissions": []}}, {"model": "account.user", "pk": 3, "fields": {"password": "pbkdf2_sha256$216000$r1IE6PMqMEfS$9sBRHBZ38pLmc/qneX60AkDkAhaIfZzfsrelFftooXc=", "last_login": "2021-03-18T08:08:44.456Z", "is_superuser": false, "username": "Emrah", "first_name": "Emrah", "last_name": "Bagirov", "is_staff": false, "is_active": true, "date_joined": "2021-03-16T12:57:29Z", "email": "bagirovemrah97@gmail.com", "image": "", "bio": "fsdffskjhdf", "gender": true, "groups": [], "user_permissions": []}}, {"model": "account.user", "pk": 7, "fields": {"password": "pbkdf2_sha256$216000$vAgpASAaGueZ$AD5sSLIq/dBgM55Yi/La3Ss8fO0CSbC0chzpW/ZEeOg=", "last_login": null, "is_superuser": false, "username": "Qedir", "first_name": "Qedir", "last_name": "Mirzeyev", "is_staff": false, "is_active": false, "date_joined": "2021-03-16T13:16:25.200Z", "email": "mirzeyev.qedir@gmail.com", "image": "", "bio": "scvkvxckjvcxv", "gender": true, "groups": [], "user_permissions": []}}, {"model": "account.user", "pk": 12, "fields": {"password": "i4383930", "last_login": null, "is_superuser": false, "username": "idris", "first_name": "yusif", "last_name": "sdklf", "is_staff": false, "is_active": true, "date_joined": "2021-03-29T14:11:13.700Z", "email": "yusifhuseynli1106@gmail.com", "image": "", "bio": "sdkfjn", "gender": true, "groups": [], "user_permissions": []}}, {"model": "account.user", "pk": 13, "fields": {"password": "i4383930", "last_login": null, "is_superuser": false, "username": "idris2", "first_name": "Emrah", "last_name": "dfln", "is_staff": false, "is_active": true, "date_joined": "2021-03-29T14:12:01.120Z", "email": "yusifhuseynli1107@gmail.com", "image": "", "bio": "sdlkfn", "gender": true, "groups": [], "user_permissions": []}}, {"model": "account.user", "pk": 14, "fields": {"password": "i4383930", "last_login": null, "is_superuser": false, "username": "idris3", "first_name": "Emrah", "last_name": "dfln", "is_staff": false, "is_active": true, "date_joined": "2021-03-29T14:12:47.759Z", "email": "yusifhuseynli1108@gmail.com", "image": "", "bio": "sdlkfn", "gender": true, "groups": [], "user_permissions": []}}, {"model": "account.user", "pk": 15, "fields": {"password": "i4383930", "last_login": null, "is_superuser": false, "username": "idris4", "first_name": "Emrah", "last_name": "dfln", "is_staff": false, "is_active": true, "date_joined": "2021-03-29T14:13:38.315Z", "email": "yusifhuseynli1109@gmail.com", "image": "", "bio": "sdlkfn", "gender": true, "groups": [], "user_permissions": []}}, {"model": "account.user", "pk": 16, "fields": {"password": "yh110598", "last_login": null, "is_superuser": false, "username": "yusifsfskfsfk", "first_name": "Yusif", "last_name": "Huseynli", "is_staff": false, "is_active": true, "date_joined": "2021-03-29T14:16:23.497Z", "email": "sadaadasda@gmail.com", "image": "", "bio": "xzmfnsdfsd", "gender": true, "groups": [], "user_permissions": []}}, {"model": "account.user", "pk": 18, "fields": {"password": "yh110598", "last_login": null, "is_superuser": false, "username": "yusif31321", "first_name": "gdgd", "last_name": "sfsgsdsfd", "is_staff": false, "is_active": true, "date_joined": "2021-03-29T14:23:54.797Z", "email": "fsdfsdsfd@gmail.com", "image": "", "bio": "m,mvxcmvvm,xcmv", "gender": true, "groups": [], "user_permissions": []}}, {"model": "account.user", "pk": 19, "fields": {"password": "techacademy", "last_login": null, "is_superuser": false, "username": "sara", "first_name": "Sara", "last_name": "Ahmedova", "is_staff": false, "is_active": true, "date_joined": "2021-03-29T14:26:01.440Z", "email": "sadaadasdaa@gmail.com", "image": "", "bio": "ertfyguhij", "gender": true, "groups": [], "user_permissions": []}}, {"model": "account.user", "pk": 20, "fields": {"password": "pbkdf2_sha256$216000$LTyOxM55rOgw$tLnWRi0LO3ZcxtCLp4sHUx6QEC40KDRNRx6TIHRytss=", "last_login": null, "is_superuser": false, "username": "sara2", "first_name": "Sara", "last_name": "Ahmedova", "is_staff": false, "is_active": true, "date_joined": "2021-03-29T14:28:34.817Z", "email": "sadaadasdakjha@gmail.com", "image": "", "bio": "ertfyguhij", "gender": true, "groups": [], "user_permissions": []}}, {"model": "account.user", "pk": 52, "fields": {"password": "pbkdf2_sha256$216000$juSJDi7pQy4e$gGyKOC9SvrKYSyS7QJDD3+dW49VovLNUPcJamagZc8o=", "last_login": null, "is_superuser": false, "username": "Turla12", "first_name": "Tural", "last_name": "Huseynli", "is_staff": false, "is_active": true, "date_joined": "2021-03-31T12:27:43.619Z", "email": "sadaadasxvcxcvvcda@gmail.com", "image": "", "bio": "dc,mc,vx", "gender": true, "groups": [], "user_permissions": []}}, {"model": "account.user", "pk": 53, "fields": {"password": "pbkdf2_sha256$216000$Af2LdDkvHpFF$SGwWWqVowKKwAYolmtFgYTB/1vpZ+jSL/27ClYv6Tf4=", "last_login": null, "is_superuser": false, "username": "saddam12", "first_name": "SADKA", "last_name": "asdasddas", "is_staff": false, "is_active": true, "date_joined": "2021-03-31T12:45:04.675Z", "email": "acxmzcmn@gmail.com", "image": "", "bio": "dsfmnsfs fdsmfdsmf", "gender": true, "groups": [], "user_permissions": []}}, {"model": "account.user", "pk": 54, "fields": {"password": "pbkdf2_sha256$216000$AjkCwUrGuruo$2TDhgw0FXRIdaCi9g4KBQrTWFXRGs0IMggfH+EOh3Ng=", "last_login": null, "is_superuser": false, "username": "wergf", "first_name": "aersdhg", "last_name": "efsrg", "is_staff": false, "is_active": true, "date_joined": "2021-03-31T13:06:03.819Z", "email": "dsaf@gmail.com", "image": "", "bio": "erfbc", "gender": true, "groups": [], "user_permissions": []}}, {"model": "account.user", "pk": 55, "fields": {"password": "pbkdf2_sha256$216000$tFLUqI4ZkCrQ$dVsG4+p96CjPx4rJROOuVzewwQfBj3HYIr99vaE1xiE=", "last_login": null, "is_superuser": false, "username": "dsfg", "first_name": "awerhg", "last_name": "dsfg", "is_staff": false, "is_active": true, "date_joined": "2021-03-31T13:08:25.280Z", "email": "dsafh@gmail.com", "image": "", "bio": "dfg", "gender": true, "groups": [], "user_permissions": []}}, {"model": "account.user", "pk": 56, "fields": {"password": "pbkdf2_sha256$216000$Gdeev16yIQSw$FmrfVR73BfUz0lEG+C9EUTs/Zo8msOvmn8LnMgrOcGo=", "last_login": null, "is_superuser": false, "username": "efgdfc", "first_name": "asdfv", "last_name": "sdfgh", "is_staff": false, "is_active": true, "date_joined": "2021-03-31T13:10:18.153Z", "email": "sdfv@gmail.com", "image": "", "bio": "fdssdfvd", "gender": true, "groups": [], "user_permissions": []}}, {"model": "product.review", "pk": 1, "fields": {"author": null, "product": 1, "parent_comment": null, "full_name": "Yusif", "email": "yusifhuseynli1105@gmail.com", "comment": "xcvkvkl", "created_at": "2021-03-15T13:34:58.830Z", "updated_at": "2021-03-15T13:34:58.830Z"}}, {"model": "product.review", "pk": 2, "fields": {"author": null, "product": 1, "parent_comment": 1, "full_name": "Yusif2", "email": "sadaadasda@gmail.com", "comment": "kjhsadshkjfdkjhfds", "created_at": "2021-03-15T13:35:06.220Z", "updated_at": "2021-03-15T13:35:06.220Z"}}, {"model": "product.review", "pk": 5, "fields": {"author": null, "product": 1, "parent_comment": null, "full_name": "Yusif", "email": "sadaadasda@gmail.com", "comment": "5ci blogun comenti", "created_at": "2021-03-18T12:41:38.758Z", "updated_at": "2021-03-18T12:41:38.758Z"}}, {"model": "common.comment", "pk": 1, "fields": {"author": null, "blog": 1, "parent_comment": null, "full_name": "Yusif3", "email": "yusifhuseynli1105@gmail.com", "comment": "kjhsadshkjfdkjhfds", "created_at": "2021-03-15T13:39:00.277Z", "updated_at": "2021-03-15T13:39:00.277Z"}}, {"model": "common.comment", "pk": 2, "fields": {"author": null, "blog": 1, "parent_comment": 1, "full_name": "Yusif5", "email": "yusifhuseynli1105@gmail.com", "comment": "son koment", "created_at": "2021-03-15T13:39:07.286Z", "updated_at": "2021-03-15T13:39:07.286Z"}}, {"model": "common.comment", "pk": 3, "fields": {"author": null, "blog": 1, "parent_comment": null, "full_name": "Yusif", "email": "yusifhuseynli1105@gmail.com", "comment": "blog", "created_at": "2021-03-16T14:52:20.065Z", "updated_at": "2021-03-16T14:52:20.065Z"}}, {"model": "common.comment", "pk": 4, "fields": {"author": null, "blog": 1, "parent_comment": 3, "full_name": "Yusif", "email": "yusifhuseynli1105@gmail.com", "comment": "product", "created_at": "2021-03-16T14:52:27.965Z", "updated_at": "2021-03-16T14:52:27.965Z"}}, {"model": "common.comment", "pk": 5, "fields": {"author": null, "blog": 1, "parent_comment": 4, "full_name": "Yusif", "email": "yusifhuseynli1105@gmail.com", "comment": "reply11", "created_at": "2021-03-16T14:52:42.687Z", "updated_at": "2021-03-16T14:52:42.687Z"}}, {"model": "common.comment", "pk": 6, "fields": {"author": null, "blog": 1, "parent_comment": 5, "full_name": "Yusif", "email": "sadaadasda@gmail.com", "comment": "reply of reply", "created_at": "2021-03-16T14:53:58.579Z", "updated_at": "2021-03-16T14:53:58.579Z"}}, {"model": "common.comment", "pk": 7, "fields": {"author": ["yusifhuseynli1105@gmail.com"], "blog": 2, "parent_comment": null, "full_name": "Yusif", "email": "yusifhuseynli1105@gmail.com", "comment": "kczczm,,", "created_at": "2021-03-18T13:11:18.257Z", "updated_at": "2021-03-18T13:11:18.257Z"}}, {"model": "common.comment", "pk": 8, "fields": {"author": ["yusifhuseynli1105@gmail.com"], "blog": 2, "parent_comment": 7, "full_name": "Yusif", "email": "yusifhuseynli1105@gmail.com", "comment": "blog", "created_at": "2021-03-18T13:11:25.293Z", "updated_at": "2021-03-18T13:11:25.293Z"}}, {"model": "common.blog", "pk": 1, "fields": {"author": ["yusifhuseynli1105@gmail.com"], "image": "blog_images/item-video-xs.jpg", "background": "blog_images/item-photo_Welkled.jpg", "title": "The next generation of Multi-Touch", "short_desc": "The original iPhone introduced the world to Multi-Touch, forever changing the way people experience technology. With 3D Touch, you can do things that were never possible before. It senses how deeply you press the display, letting you do all kinds of essential things more quickly and simply. And it gives you real-time feedback in the form of subtle taps from the all-new Taptic Engine.", "description": "The original iPhone introduced the world to Multi-Touch, forever changing the way people experience technology. With 3D Touch, you can do things that were never possible before. It senses how deeply you press the display, letting you do all kinds of essential things more quickly and simply. And it gives you real-time feedback in the form of subtle taps from the all-new Taptic Engine.\r\n\r\nThe original iPhone introduced the world to Multi-Touch, forever changing the way people experience technology. With 3D Touch, you can do things that were never possible before. It senses how deeply you press the display, letting you do all kinds of essential things more quickly and simply. And it gives you real-time feedback in the form of subtle taps from the all-new Taptic Engine.\r\n\r\nThe original iPhone introduced the world to Multi-Touch, forever changing the way people experience technology. With 3D Touch, you can do things that were never possible before. It senses how deeply you press the display, letting you do all kinds of essential things more quickly and simply. And it gives you real-time feedback in the form of subtle taps from the all-new Taptic Engine.\r\n\r\nThe original iPhone introduced the world to Multi-Touch, forever changing the way people experience technology. With 3D Touch, you can do things that were never possible before. It senses how deeply you press the display, letting you do all kinds of essential things more quickly and simply. And it gives you real-time feedback in the form of subtle taps from the all-new Taptic Engine.\r\n\r\nThe original iPhone introduced the world to Multi-Touch, forever changing the way people experience technology. With 3D Touch, you can do things that were never possible before. It senses how deeply you press the display, letting you do all kinds of essential things more quickly and simply. And it gives you real-time feedback in the form of subtle taps from the all-new Taptic Engine.\r\n\r\nThe original iPhone introduced the world to Multi-Touch, forever changing the way people experience technology. With 3D Touch, you can do things that were never possible before. It senses how deeply you press the display, letting you do all kinds of essential things more quickly and simply. And it gives you real-time feedback in the form of subtle taps from the all-new Taptic Engine.\r\n\r\nThe original iPhone introduced the world to Multi-Touch, forever changing the way people experience technology. With 3D Touch, you can do things that were never possible before. It senses how deeply you press the display, letting you do all kinds of essential things more quickly and simply. And it gives you real-time feedback in the form of subtle taps from the all-new Taptic Engine.\r\n\r\nThe original iPhone introduced the world to Multi-Touch, forever changing the way people experience technology. With 3D Touch, you can do things that were never possible before. It senses how deeply you press the display, letting you do all kinds of essential things more quickly and simply. And it gives you real-time feedback in the form of subtle taps from the all-new Taptic Engine.", "created_at": "2021-03-15T13:38:46.855Z", "updated_at": "2021-03-15T13:38:46.855Z", "tags": [2]}}, {"model": "common.blog", "pk": 2, "fields": {"author": ["yusifhuseynli1105@gmail.com"], "image": "blog_images/img4_dOMFLcp.jpg", "background": "blog_images/img3_sIJSZw7.jpg", "title": "Blog 2", "short_desc": "zklcszklccfjsdsdfzklcszklccfjsdsdfzklcszklccfjsdsdfzklcszklccfjsdsdfzklcszklccfjsdsdfzklcszklccfjsdsdfzklcszklccfjsdsdfzklcszklccfjsdsdfzklcszklccfjsdsdfzklcszklccfjsdsdfzklcszklccfjsdsdfzklcszklccfjsdsdfzklcszklccfjsdsdfzklcszklccfjsdsdfzklcszklccfjsdsdfzklcszklccfjsdsdfzklcszklccfjsdsdf", "description": "zklcszklccfjsdsdfzklcszklccfjsdsdfzklcszklccfjsdsdfzklcszklccfjsdsdfzklcszklccfjsdsdfzklcszklccfjsdsdfzklcszklccfjsdsdfzklcszklccfjsdsdfzklcszklccfjsdsdfzklcszklccfjsdsdfzklcszklccfjsdsdfzklcszklccfjsdsdfzklcszklccfjsdsdfzklcszklccfjsdsdfzklcszklccfjsdsdfzklcszklccfjsdsdfzklcszklccfjsdsdfzklcszklccfjsdsdfzklcszklccfjsdsdfzklcszklccfjsdsdfzklcszklccfjsdsdfzklcszklccfjsdsdfzklcszklccfjsdsdfzklcszklccfjsdsdfzklcszklccfjsdsdfzklcszklccfjsdsdfzklcszklccfjsdsdfzklcszklccfjsdsdfzklcszklccfjsdsdfzklcszklccfjsdsdfzklcszklccfjsdsdfzklcszklccfjsdsdfzklcszklccfjsdsdfzklcszklccfjsdsdfzklcszklccfjsdsdfzklcszklccfjsdsdfzklcszklccfjsdsdfzklcszklccfjsdsdfzklcszklccfjsdsdfzklcszklccfjsdsdfzklcszklccfjsdsdfzklcszklccfjsdsdfzklcszklccfjsdsdfzklcszklccfjsdsdfzklcszklccfjsdsdfzklcszklccfjsdsdfzklcszklccfjsdsdfzklcszklccfjsdsdfzklcszklccfjsdsdfzklcszklccfjsdsdfzklcszklccfjsdsdfzklcszklccfjsdsdfzklcszklccfjsdsdfzklcszklccfjsdsdfzklcszklccfjsdsdfzklcszklccfjsdsdfzklcszklccfjsdsdfzklcszklccfjsdsdfzklcszklccfjsdsdfzklcszklccfjsdsdf", "created_at": "2021-03-18T13:11:01.892Z", "updated_at": "2021-03-18T13:11:01.892Z", "tags": [1, 2]}}, {"model": "checkout.checkout", "pk": 1, "fields": {"author": null, "payment": 3, "reciever": "Yusif Huseynli", "phone": "+994144546464", "email": "sadaadasda@gmail.com", "city": "baku", "street": "A.Mustafayev", "building": "1", "zip_code": "1000", "promo_code": "56566554", "country": "AZ", "created_at": "2021-03-15T13:36:25.605Z", "updated_at": "2021-03-15T13:36:25.605Z"}}, {"model": "checkout.checkout", "pk": 2, "fields": {"author": null, "payment": 1, "reciever": "Huseyn Huseynli", "phone": "+994144546464", "email": "sadaadasda@gmail.com", "city": "baku", "street": "A.Mustafayev", "building": "1", "zip_code": "2000", "promo_code": "56566554", "country": "AZ", "created_at": "2021-03-28T09:22:33.613Z", "updated_at": "2021-03-28T09:22:33.613Z"}}]